Model,MAE,RMSE
Linear Regression,72558.35317874073,93281.7640233567
Random Forest,8906.468355837967,18149.461681906654
XGBoost,12210.1845703125,21249.000729446077
